{"graph": {"_type": "graph-file", "path": "media/graph/graph_summary_fed2e3fb.graph.json", "sha256": "fed2e3fbedc16a51e6e34d00ea9732f950ac4c801d6981fa88f2a11b3c450ace", "size": 2074}, "epoch": 19, "loss": 1.0264817476272583, "mae": 0.786022424697876, "mape": 178.83694458007812, "val_loss": 1.408732533454895, "val_mae": 0.8756651282310486, "val_mape": 132.27267456054688, "_runtime": 850, "_timestamp": 1620045626, "_step": 19, "best_val_loss": 1.3803730010986328, "best_epoch": 11}