{"graph": {"_type": "graph-file", "path": "media/graph/graph_summary_c1323c16.graph.json", "sha256": "c1323c164649e70ff89facc0932e7c84ec3c3982eed9342110993bcc1457e0b8", "size": 1787}, "epoch": 7, "loss": 2.530773639678955, "mae": 1.2640442848205566, "mape": 7655.0634765625, "val_loss": 1.6560609340667725, "val_mae": 1.1341067552566528, "val_mape": 974.5629272460938, "_runtime": 151, "_timestamp": 1620065029, "_step": 7, "best_val_loss": 1.585532307624817, "best_epoch": 5}