{"graph": {"_type": "graph-file", "path": "media/graph/graph_summary_04a2c722.graph.json", "sha256": "04a2c72237aa67a6cfd1da95de9446ea19d92fced8255dae3ccbd868ad15f99b", "size": 1793}, "epoch": 22, "loss": 1.3135398626327515, "mae": 0.892914354801178, "mape": 348.5788879394531, "val_loss": 1.842803955078125, "val_mae": 0.9464428424835205, "val_mape": 727.5543823242188, "_runtime": 1498, "_timestamp": 1620044721, "_step": 22, "best_val_loss": 1.3154455423355103, "best_epoch": 20}