{"graph": {"_type": "graph-file", "path": "media/graph/graph_summary_d5f40481.graph.json", "sha256": "d5f4048196312fc896d3b6d0c8a8ff6643b20489d8e5b7b0b6084dc091db60b5", "size": 2077}, "epoch": 24, "loss": 0.062332820147275925, "mae": 0.19051817059516907, "mape": 107.7070083618164, "val_loss": 0.09081599861383438, "val_mae": 0.2282273769378662, "val_mape": 82.10186767578125, "_runtime": 3108, "_timestamp": 1620152655, "_step": 24, "best_val_loss": 0.08679500967264175, "best_epoch": 13}