{"graph": {"_type": "graph-file", "path": "media/graph/graph_summary_5d5fcbe6.graph.json", "sha256": "5d5fcbe68f33fa9d35bdbfdd284a89f9eb95d1688144868bb09585de01274655", "size": 1786}, "epoch": 49, "loss": 1.060723900794983, "mae": 0.800507128238678, "mape": 200.5196533203125, "val_loss": 1.6678014993667603, "val_mae": 0.9171649813652039, "val_mape": 149.4739227294922, "_runtime": 1199, "_timestamp": 1620040160, "_step": 49, "best_val_loss": 1.3509821891784668, "best_epoch": 11}