{"graph": {"_type": "graph-file", "path": "media/graph/graph_summary_e34cce16.graph.json", "sha256": "e34cce16afb179f7004c06fb24087a72d83fae575f5d85ffb3ae0b5ecd697d34", "size": 2072}, "epoch": 6, "loss": 0.3257005214691162, "mae": 0.4571072459220886, "mape": 241.22015380859375, "val_loss": 0.3122890591621399, "val_mae": 0.4243587851524353, "val_mape": 130.20140075683594, "_runtime": 392, "_timestamp": 1620147280, "_step": 6, "best_val_loss": 0.3122890591621399, "best_epoch": 6}