{"graph": {"_type": "graph-file", "path": "media/graph/graph_summary_e9ab5a18.graph.json", "sha256": "e9ab5a188e66ae328b6ac3a560d1ca0afa0c1cf1bee4e98330384d01bbb26048", "size": 2066}, "epoch": 24, "loss": 0.11301084607839584, "mae": 0.25883299112319946, "mape": 282.9124755859375, "val_loss": 0.11740238219499588, "val_mae": 0.2766919732093811, "val_mape": 106.74453735351562, "_runtime": 1176, "_timestamp": 1620139681, "_step": 24, "best_val_loss": 0.10969740152359009, "best_epoch": 22}