{"graph": {"_type": "graph-file", "path": "media/graph/graph_summary_a8fcce00.graph.json", "sha256": "a8fcce008b8dfedc41b07cf511cf6720b4fe7d328c0ce854e2d2d73b586787a4", "size": 859}, "epoch": 9, "loss": 0.14636695384979248, "mae": 0.29149314761161804, "mape": 164.04653930664062, "val_loss": 0.19765305519104004, "val_mae": 0.33118483424186707, "val_mape": 110.31022644042969, "_runtime": 1458, "_timestamp": 1620122582, "_step": 9, "best_val_loss": 0.18453742563724518, "best_epoch": 8}