{"graph": {"_type": "graph-file", "path": "media/graph/graph_summary_6dcff82e.graph.json", "sha256": "6dcff82ece5175ec16b299a522937e2368460a0efbbc67cb6a6cc82ce17e09ff", "size": 1136}, "epoch": 38, "loss": 0.08227711915969849, "mae": 0.21892297267913818, "mape": 144.59896850585938, "val_loss": 0.10515521466732025, "val_mae": 0.24625994265079498, "val_mape": 127.64335632324219, "_runtime": 1054, "_timestamp": 1619983532, "_step": 38, "best_val_loss": 0.08652544021606445, "best_epoch": 28}