{"graph": {"_type": "graph-file", "path": "media/graph/graph_summary_fe0fd091.graph.json", "sha256": "fe0fd0919b669c2da7108771578da220b69cc71d1f3edb7daff9b18c67f542db", "size": 1790}, "epoch": 49, "loss": 0.3025960326194763, "mae": 0.4322265088558197, "mape": 11105.642578125, "val_loss": 0.3303115963935852, "val_mae": 0.4631374478340149, "val_mape": 158.3953857421875, "_runtime": 1451, "_timestamp": 1620043214, "_step": 49, "best_val_loss": 0.14884929358959198, "best_epoch": 8}