{"graph": {"_type": "graph-file", "path": "media/graph/graph_summary_8b103509.graph.json", "sha256": "8b103509353527abed5739c8f3638d83ea98abc7efd6ce990f8464f51f643cca", "size": 1514}, "epoch": 9, "loss": 0.3005513846874237, "mae": 0.43207547068595886, "mape": 428.7266845703125, "val_loss": 0.2675316333770752, "val_mae": 0.4232366681098938, "val_mape": 149.52220153808594, "_runtime": 495, "_timestamp": 1620129297, "_step": 9, "best_val_loss": 0.2675316333770752, "best_epoch": 9}