{"graph": {"_type": "graph-file", "path": "media/graph/graph_summary_6cb7cf35.graph.json", "sha256": "6cb7cf3522e2052478e5df23b7eb2e28d815ac62883beade68559c46a5befea8", "size": 1422}, "epoch": 13, "loss": 0.09644631296396255, "mae": 0.2356608361005783, "mape": 128.85220336914062, "val_loss": 0.11980252712965012, "val_mae": 0.2574462592601776, "val_mape": 54.202674865722656, "_runtime": 5429, "_timestamp": 1620121021, "_step": 13, "best_val_loss": 0.09341023117303848, "best_epoch": 9}