{"graph": {"_type": "graph-file", "path": "media/graph/graph_summary_040a4ffd.graph.json", "sha256": "040a4ffdeb6bdb77f9062042048d429827aeeafb1fd12ddae8955e2bb5ad076c", "size": 2074}, "epoch": 11, "loss": 0.3286658823490143, "mae": 0.44632887840270996, "mape": 787.6137084960938, "val_loss": 0.35603031516075134, "val_mae": 0.4752328395843506, "val_mape": 186.48318481445312, "_runtime": 1003, "_timestamp": 1620153663, "_step": 11, "best_val_loss": 0.35603031516075134, "best_epoch": 11}