{"graph": {"_type": "graph-file", "path": "media/graph/graph_summary_25fa3a3d.graph.json", "sha256": "25fa3a3d34112d572546d9ee7688872a36be442a052f9decb56426556659536e", "size": 1141}, "epoch": 9, "loss": 0.2581841051578522, "mae": 0.3830471634864807, "mape": 335.857177734375, "val_loss": 0.3960774540901184, "val_mae": 0.4443023204803467, "val_mape": 159.13290405273438, "_runtime": 2696, "_timestamp": 1620132910, "_step": 9, "best_val_loss": 0.3960774540901184, "best_epoch": 9}