{"graph": {"_type": "graph-file", "path": "media/graph/graph_summary_6db33002.graph.json", "sha256": "6db3300220e0bdcd2b138e95e27c23f193f185bc7a106c913296bb8f81161396", "size": 1750}, "epoch": 5, "loss": 0.6991886496543884, "mae": 0.6581864953041077, "mape": 338.3127746582031, "val_loss": 1.3235092163085938, "val_mae": 0.9325272440910339, "val_mape": 291.9466247558594, "_runtime": 834, "_timestamp": 1620130136, "_step": 5, "best_val_loss": 1.3235092163085938, "best_epoch": 5}