{"graph": {"_type": "graph-file", "path": "media/graph/graph_summary_aa3874e7.graph.json", "sha256": "aa3874e74b792907aa095e28b5ac8bd8f825528c4de9be57b4a683a73cf6c048", "size": 2074}, "epoch": 5, "loss": 0.3859058916568756, "mae": 0.484622985124588, "mape": 273.7373046875, "val_loss": 0.3758065402507782, "val_mae": 0.5082647204399109, "val_mape": 295.2832336425781, "_runtime": 160, "_timestamp": 1620063840, "_step": 5, "best_val_loss": 0.3758065402507782, "best_epoch": 5}