{"graph": {"_type": "graph-file", "path": "media/graph/graph_summary_3931bd24.graph.json", "sha256": "3931bd24db344245f0c3b556411570783f45ef660fb180b3c1a4c49ebc48f167", "size": 1798}, "epoch": 49, "loss": 0.020307306200265884, "mae": 0.11122472584247589, "mape": 91.58892059326172, "val_loss": 0.12221888452768326, "val_mae": 0.268827348947525, "val_mape": 132.6636505126953, "_runtime": 3887, "_timestamp": 1620059042, "_step": 49, "best_val_loss": 0.09336623549461365, "best_epoch": 13}