{"graph": {"_type": "graph-file", "path": "media/graph/graph_summary_1b661d74.graph.json", "sha256": "1b661d7480a2872aaac8f13a3548e895b86cda2eaf3bbfd78df2ae9502c220dc", "size": 2080}, "epoch": 5, "loss": 1.0466108322143555, "mae": 0.7927413582801819, "mape": 254.69891357421875, "val_loss": 1.3692920207977295, "val_mae": 0.8944569826126099, "val_mape": 198.2022705078125, "_runtime": 923, "_timestamp": 1620063553, "_step": 5, "best_val_loss": 1.3692920207977295, "best_epoch": 5}