{"graph": {"_type": "graph-file", "path": "media/graph/graph_summary_b10c72ce.graph.json", "sha256": "b10c72ced98752282b78d6b86f075e1e71198884f1e2707036971cd53b7aa314", "size": 2074}, "epoch": 9, "loss": 0.6527396440505981, "mae": 0.6452072262763977, "mape": 521.6795654296875, "val_loss": 1.2325947284698486, "val_mae": 0.9006205201148987, "val_mape": 249.47146606445312, "_runtime": 698, "_timestamp": 1620128221, "_step": 9, "best_val_loss": 1.2325947284698486, "best_epoch": 9}