{"graph": {"_type": "graph-file", "path": "media/graph/graph_summary_5c62aba6.graph.json", "sha256": "5c62aba63bf737b5cd8163096aec9591a6dd142a63151b2d17b39cf7ccd52017", "size": 1514}, "epoch": 2, "loss": 1.086906909942627, "mae": 0.8089385032653809, "mape": 491.69256591796875, "val_loss": 1.4317501783370972, "val_mae": 0.8885599374771118, "val_mape": 154.81121826171875, "_runtime": 214, "_timestamp": 1620127220, "_step": 2, "best_val_loss": 1.4317501783370972, "best_epoch": 2}