{"graph": {"_type": "graph-file", "path": "media/graph/graph_summary_bd3b55b8.graph.json", "sha256": "bd3b55b89f83f951c97e8108711b282aff942ddfee15d590eca1c4adf4a39418", "size": 1464}, "epoch": 5, "loss": 1.0208202600479126, "mae": 0.7840568423271179, "mape": 140.6042022705078, "val_loss": 1.7575606107711792, "val_mae": 0.9350473284721375, "val_mape": 151.0373077392578, "_runtime": 162, "_timestamp": 1620059210, "_step": 5, "best_val_loss": 1.5185270309448242, "best_epoch": 2}