{"graph": {"_type": "graph-file", "path": "media/graph/graph_summary_3aeefbcc.graph.json", "sha256": "3aeefbcc0333ac90f0256b5db537d91730737134f40d4cd164bb655fdd6760b6", "size": 1141}, "epoch": 5, "loss": 0.33902910351753235, "mae": 0.43688955903053284, "mape": 338.75250244140625, "val_loss": 0.5157414078712463, "val_mae": 0.490749716758728, "val_mape": 156.87062072753906, "_runtime": 1804, "_timestamp": 1620134758, "_step": 5, "best_val_loss": 0.5157414078712463, "best_epoch": 5}