{"graph": {"_type": "graph-file", "path": "media/graph/graph_summary_96d747ae.graph.json", "sha256": "96d747ae4cba8ce9a5bd7d10a44a2a408655f333ca82e0e3671baae8a37431cf", "size": 1757}, "epoch": 1, "loss": 1.4977625608444214, "mae": 0.956656813621521, "mape": 700.0897827148438, "val_loss": 2.149390459060669, "val_mae": 1.0331604480743408, "val_mape": 255.4024658203125, "_runtime": 330, "_timestamp": 1620065380, "_step": 1, "best_val_loss": 1.5800427198410034, "best_epoch": 0}