{"graph": {"_type": "graph-file", "path": "media/graph/graph_summary_47b43126.graph.json", "sha256": "47b4312633643596b2dc0a101cbdc5439edb3596542bfc0768a7961da40fc50f", "size": 2072}, "epoch": 5, "loss": 0.6886707544326782, "mae": 0.6580499410629272, "mape": 423.255615234375, "val_loss": 1.3080308437347412, "val_mae": 0.8961496353149414, "val_mape": 228.61936950683594, "_runtime": 570, "_timestamp": 1620140681, "_step": 5, "best_val_loss": 1.3080308437347412, "best_epoch": 5}