{"graph": {"_type": "graph-file", "path": "media/graph/graph_summary_dbd7406b.graph.json", "sha256": "dbd7406b444467938f9d9890e6b3e1033f43a73e485faa4d7ee9adcf7f9088af", "size": 855}, "epoch": 58, "loss": 0.0564144104719162, "mae": 0.18147319555282593, "val_loss": 0.08737533539533615, "val_mae": 0.21204905211925507, "_runtime": 3688, "_timestamp": 1621092767, "_step": 60, "best_val_loss": 0.08555317670106888, "best_epoch": 48, "test_loss": 0.11896120011806488, "test_mae": 0.2612515091896057}