{"graph": {"_type": "graph-file", "path": "media/graph/graph_summary_06ee43fb.graph.json", "sha256": "06ee43fb1f85692d32eff37671111af5238e4fe4244c544767a4eea6f803354e", "size": 2071}, "epoch": 49, "loss": 1.264009952545166, "mae": 0.875687837600708, "mape": 311.57012939453125, "val_loss": 1.4857304096221924, "val_mae": 1.0580743551254272, "val_mape": 541.845947265625, "_runtime": 1595, "_timestamp": 1620041759, "_step": 49, "best_val_loss": 1.2764959335327148, "best_epoch": 45}