{"graph": {"_type": "graph-file", "path": "media/graph/graph_summary_763aa816.graph.json", "sha256": "763aa81671a4cb493a6d6bf50dea1c1c12e6aa4f3a58d38b880ba9c6ee4599dd", "size": 1789}, "epoch": 5, "loss": 5.061612129211426, "mae": 1.9820231199264526, "mape": 1321.8299560546875, "val_loss": 9.351139068603516, "val_mae": 2.8466529846191406, "val_mape": 5446.60498046875, "_runtime": 246, "_timestamp": 1620055138, "_step": 5, "best_val_loss": 3.8159472942352295, "best_epoch": 4}