{"graph": {"_type": "graph-file", "path": "media/graph/graph_summary_bc3691bb.graph.json", "sha256": "bc3691bb342f8acece615e5e0eccb68639863f73c4e5efebb4b07b2a43901fe4", "size": 2077}, "epoch": 24, "loss": 0.06478510051965714, "mae": 0.1947828233242035, "mape": 99.9926986694336, "val_loss": 0.11860966682434082, "val_mae": 0.2556590437889099, "val_mape": 70.80452728271484, "_runtime": 2228, "_timestamp": 1620149543, "_step": 24, "best_val_loss": 0.095345139503479, "best_epoch": 11}