{"graph": {"_type": "graph-file", "path": "media/graph/graph_summary_1f7b6629.graph.json", "sha256": "1f7b66293a84be6d3eba8a89396e2bbb4a11affc6adc2eb2c2a3f494722dfbf9", "size": 2078}, "epoch": 49, "loss": 0.0621102936565876, "mae": 0.19030284881591797, "mape": 106.41326904296875, "val_loss": 0.1298794001340866, "val_mae": 0.2845973074436188, "val_mape": 203.0388946533203, "_runtime": 4883, "_timestamp": 1620054887, "_step": 49, "best_val_loss": 0.10962386429309845, "best_epoch": 14}