{"graph": {"_type": "graph-file", "path": "media/graph/graph_summary_dbd7406b.graph.json", "sha256": "dbd7406b444467938f9d9890e6b3e1033f43a73e485faa4d7ee9adcf7f9088af", "size": 855}, "epoch": 69, "loss": 0.06241157650947571, "mae": 0.19149251282215118, "val_loss": 0.08662401139736176, "val_mae": 0.2224971354007721, "_runtime": 4609, "_timestamp": 1621088734, "_step": 71, "best_val_loss": 0.08578574657440186, "best_epoch": 59, "test_loss": 0.1375889629125595, "test_mae": 0.2812016010284424}