{"graph": {"_type": "graph-file", "path": "media/graph/graph_summary_da4f9519.graph.json", "sha256": "da4f95195e66440837d4fb7cc9a91f7a9eb8966cdcc0f56be530a56cc38a8a8a", "size": 2069}, "epoch": 5, "loss": 0.43229103088378906, "mae": 0.5187060832977295, "mape": 761.77685546875, "val_loss": 0.6043060421943665, "val_mae": 0.5789353847503662, "val_mape": 158.76051330566406, "_runtime": 377, "_timestamp": 1620140062, "_step": 5, "best_val_loss": 0.6043060421943665, "best_epoch": 5}