{"graph": {"_type": "graph-file", "path": "media/graph/graph_summary_79dcc3d9.graph.json", "sha256": "79dcc3d902d6af9af6e8db0ced0e410dfe4f97da77dc55b07aea3206d2233118", "size": 2068}, "epoch": 6, "loss": 0.3208426833152771, "mae": 0.4419451951980591, "mape": 713.8153686523438, "val_loss": 1.0026793479919434, "val_mae": 0.8325095772743225, "val_mape": 278.0998840332031, "_runtime": 411, "_timestamp": 1620154097, "_step": 6, "best_val_loss": 0.5004757046699524, "best_epoch": 5}