{"graph": {"_type": "graph-file", "path": "media/graph/graph_summary_51363063.graph.json", "sha256": "5136306334fac0102993634cb172494352d854797f0ecfbb624841c271e6b4bd", "size": 2074}, "epoch": 9, "loss": 0.7024499177932739, "mae": 0.6652082204818726, "mape": 223.7954864501953, "val_loss": 1.1557960510253906, "val_mae": 0.8553640842437744, "val_mape": 163.06109619140625, "_runtime": 571, "_timestamp": 1620128797, "_step": 9, "best_val_loss": 1.1557960510253906, "best_epoch": 9}