{"graph": {"_type": "graph-file", "path": "media/graph/graph_summary_5a81353a.graph.json", "sha256": "5a81353acbedfab68d103f1fb8ba7b420c2830caa822dc2f6ae0f504e2a5b1f5", "size": 1423}, "epoch": 9, "loss": 0.27540335059165955, "mae": 0.39950159192085266, "mape": 416.9391174316406, "val_loss": 0.3245075047016144, "val_mae": 0.44550731778144836, "val_mape": 153.72792053222656, "_runtime": 4413, "_timestamp": 1620127000, "_step": 9, "best_val_loss": 0.10870019346475601, "best_epoch": 6}