{"graph": {"_type": "graph-file", "path": "media/graph/graph_summary_e66e4ae1.graph.json", "sha256": "e66e4ae16b7f0e58477897639063daf6cdc2a7d0c0182df8debbf7c4ede8b677", "size": 1796}, "epoch": 7, "loss": 1.0945193767547607, "mae": 0.8110397458076477, "mape": 248.57501220703125, "val_loss": 1.4218353033065796, "val_mae": 0.8751556873321533, "val_mape": 136.91604614257812, "_runtime": 943, "_timestamp": 1620064794, "_step": 7, "best_val_loss": 1.3817566633224487, "best_epoch": 3}