{"graph": {"_type": "graph-file", "path": "media/graph/graph_summary_f9343699.graph.json", "sha256": "f9343699e1cf3549aeca74969450fc4ad8373ce0389eb24aa7da544eef53887f", "size": 2077}, "epoch": 24, "loss": 0.07509621232748032, "mae": 0.20749492943286896, "mape": 110.43000030517578, "val_loss": 0.0947771891951561, "val_mae": 0.2323157787322998, "val_mape": 69.09159088134766, "_runtime": 2701, "_timestamp": 1620143414, "_step": 24, "best_val_loss": 0.0947771891951561, "best_epoch": 24}