{"graph": {"_type": "graph-file", "path": "media/graph/graph_summary_e5781997.graph.json", "sha256": "e5781997ba91ec0c0b2eb0dd38c88998b181ed6f58694982f876cb1df93465b9", "size": 1468}, "epoch": 49, "loss": 0.0575065016746521, "mae": 0.18615368008613586, "mape": 237.56248474121094, "val_loss": 0.14437708258628845, "val_mae": 0.3014984428882599, "val_mape": 182.591796875, "_runtime": 4329, "_timestamp": 1620049999, "_step": 49, "best_val_loss": 0.11269066482782364, "best_epoch": 39}