{"graph": {"_type": "graph-file", "path": "media/graph/graph_summary_20e7756e.graph.json", "sha256": "20e7756eea7c2aad129b7135a965f14270737a7169a301d32147540016cd358a", "size": 2080}, "epoch": 24, "loss": 0.08032172918319702, "mae": 0.21651744842529297, "mape": 111.56289672851562, "val_loss": 0.09123704582452774, "val_mae": 0.2292855829000473, "val_mape": 78.38348388671875, "_runtime": 3460, "_timestamp": 1620146883, "_step": 24, "best_val_loss": 0.08980364352464676, "best_epoch": 19}