{"graph": {"_type": "graph-file", "path": "media/graph/graph_summary_550d5104.graph.json", "sha256": "550d5104d1d309ef28be8715da93916a14b3b5e93663ec049f99a3da0c455fc9", "size": 2074}, "epoch": 49, "loss": 0.0401226244866848, "mae": 0.15542036294937134, "mape": 112.10013580322266, "val_loss": 0.08608835935592651, "val_mae": 0.24015015363693237, "val_mape": 95.67024993896484, "_runtime": 3385, "_timestamp": 1620062624, "_step": 49, "best_val_loss": 0.07478740811347961, "best_epoch": 36}